{"cameraMode":{"drawMode":0,"name":"Shaded","section":"Shading Mode"},"sceneLighting":false,"audioPlay":false,"sceneViewState":{"m_AlwaysRefresh":false,"showFog":true,"showSkybox":false,"showFlares":true,"showImageEffects":true,"showParticleSystems":true,"showVisualEffectGraphs":true,"m_FxEnabled":true},"in2DMode":false,"pivot":{"x":-0.2300434112548828,"y":5.858386039733887,"z":-0.1550309658050537},"rotation":{"x":0.03867436572909355,"y":0.018582751974463464,"z":0.0007133051985874772,"w":-0.9991001486778259},"size":4.558732986450195,"orthographic":false}