{"cameraMode":{"drawMode":0,"name":"Shaded","section":"Shading Mode"},"sceneLighting":false,"audioPlay":false,"sceneViewState":{"m_AlwaysRefresh":false,"showFog":true,"showSkybox":false,"showFlares":true,"showImageEffects":true,"showParticleSystems":true,"showVisualEffectGraphs":true,"m_FxEnabled":true},"in2DMode":false,"pivot":{"x":1.793189525604248,"y":0.761982798576355,"z":1.1949340105056763},"rotation":{"x":0.03867436572909355,"y":0.018582751974463464,"z":0.0007133051985874772,"w":-0.9991001486778259},"size":1.0852917432785035,"orthographic":false}