{"cameraMode":{"drawMode":0,"name":"Shaded","section":"Shading Mode"},"sceneLighting":false,"audioPlay":false,"sceneViewState":{"m_AlwaysRefresh":false,"showFog":true,"showSkybox":false,"showFlares":true,"showImageEffects":true,"showParticleSystems":true,"showVisualEffectGraphs":true,"m_FxEnabled":true},"in2DMode":false,"pivot":{"x":-0.0631820559501648,"y":7.092871189117432,"z":1.2063636779785157},"rotation":{"x":0.03867436572909355,"y":0.018582751974463464,"z":0.0007133051985874772,"w":-0.9991001486778259},"size":1.0095624923706055,"orthographic":false}